Tweet_count,Username,Text,Created At,Retweets,Likes
1,hakim laalam,"DÃ©zÃ©diennes, DÃ©zÃ©diens, bonjour ! Ma chronique du jour : 
Â« Oui Djidji ! Je vous accuse du crime de non-conformitÃ© avec les clichÃ©s et stÃ©rÃ©otypes de la politique fast-food ! Â»
#France #AlgÃ©rie https://t.co/UxrsFFewXz",Mon Feb 10 05:29:50 +0000 2025,46,144
2,IlyassinoâœŠğŸ½ğŸ‡²ğŸ‡¦,"Salam la famille je viens tout juste dâ€™ouvrir un nouveau fast food dans le 93, 

Ã‡a sâ€™appelle YOYO ADDICT câ€™est au 14 Rue Richard Gardebled Ã  Rosny-sous-Bois. 

Smash burger, phillyâ€™s, bowl, saladesâ€¦

Venez tester et la viande est fraÃ®che ! https://t.co/FeMAZrRBlR",Thu Feb 13 00:38:54 +0000 2025,72,143
3,By Waly.ğŸ‡¸ğŸ‡³,"ğŸš¨ğŸ“ŒLes Bienfaits du Sport il faut qu'on l'explique Ã  certaines personnes surtout les femmes!!!
Elles sont les plus addictes aux Fast Food, Sucreries, Piments, boissons gazeuses mais ne font pas de sportğŸ˜” https://t.co/1FgmJLaHpw",Sun Feb 09 15:29:35 +0000 2025,8,168
4,France Travail Bretagne,"Avec lâ€™aide des Ã©quipes @FranceTravail de Guingamp, lâ€™enseigne de fast-food avance sur son #recrutementÂ : 75 postes sont Ã  pourvoir dans un premier temps â¤µï¸
https://t.co/Ionk6EueeS",Fri Feb 14 07:21:43 +0000 2025,3,3
5,Darkheaven,"C'est parti pour Fast Food Simulator avec la team !

â–º https://t.co/W4MLGODGUt https://t.co/7ImZvx0wi2",Tue Feb 11 20:32:17 +0000 2025,0,3
6,RD van GOTTE ğŸ‡¨ğŸ‡³ ğŸ«¡ğŸ¤«ğŸ˜‰,"ğŸ† AWARD ROUCHAMEN OWNER ğŸ† 

Le meilleur fast food",Mon Feb 17 18:50:08 +0000 2025,2,3
7,Len Al Maliki Ø§Ù„Ù‚Ø±Ø§ÙÙŠğŸ¦š,"Mange halal et tayyib, Ã©vite fast food, tacos, burger bien que c'est halal ce n'est pas tayyib.

D'autant plus, majoritairement c'est riche en mauvaise graisse et peu qualitative, nuisible pour le corps plus encore sans activitÃ© physique

Cela devrait Ãªtre occasionnel",Thu Feb 13 12:47:28 +0000 2025,82,408
8,WANDAFU!ğŸ‡¨ğŸ‡²ğŸ‡¨ğŸ‡«ğŸ“ğŸ‡«ğŸ‡·,"ğŸ”´ğŸ‡¨ğŸ‡² Restaurant Tchop et Yamo. 
Tchopetyamo fast-food - Good Food ğŸ‡¨ğŸ‡²
ğŸ•• Ouvert 7j/7de 6h30 Ã  23h
ğŸ“YaoundÃ©
ğŸ“Douala
ğŸ“Bafoussam
ğŸ“DubaÃ¯
ğŸ“ 694366526 / 694078946 / 678249158 https://t.co/N1DHYsTx7q",Fri Feb 14 12:12:29 +0000 2025,4,9
9,Hubert MESSMER î¨€ ğŸƒğŸ»â€â™‚ï¸ğŸ§˜â€â™‚ï¸ ğŸ¶,"Plus vous Ãªtes coincÃ©s dans les embouteillages, plus vous mangez de la malbouffe https://t.co/dnGXWSqvNG https://t.co/7G9jc8wDLv",Tue Feb 18 06:34:27 +0000 2025,0,0
10,jasznn,Popeyes Chicken est le pire fast-food que jâ€™ai mangÃ© de ma vie,Sun Feb 23 02:47:35 +0000 2025,0,2
11,ğ“¢ğ“¾ğ“­ğ“µğ“²ğ“®ğŸ‡¨ğŸ‡º METIS HATE ACCOUNT,"Entre octobre et millieu fÃ©vrier je suis passer de 70 kilos Ã  64 kilos , il me reste encore 10 kilos Ã  perdre pour reprendre mon poids de bases .

Jâ€™ai arrÃªtÃ© de taffer (je me suis fais virer mdr) en fast food et jâ€™ai pas non plus Ã©tÃ© rÃ©guliÃ¨re Ã  la salle jusquâ€™Ã  fin janvier . https://t.co/dHej03BSPb",Wed Feb 12 11:20:48 +0000 2025,0,6
12,ğŸ‘,j'aime trop les fast food ptn,Fri Feb 21 20:47:20 +0000 2025,1,4
13,Delvau Frank,Revalorisons les mÃ©tiers de service  avec des baisses de charges sociales et taxons les caisses automatiques de la grande distribution et les bornes des fast food @UMIHParisIDF,Sat Feb 22 13:33:13 +0000 2025,0,1
14,Le Hussard,Les bestsellers sont Ã  la littÃ©rature ce que le fast-food est Ã  la gastronomie : une satisfaction immÃ©diate qui laisse un arriÃ¨re-goÃ»t de vide. La vraie nourriture spirituelle demande plus de temps.,Tue Feb 11 18:44:45 +0000 2025,7,37
15,VooDoo ğŸ¦‹ @the-coven.fr,"Dire qu'#Avowed c'est nul alors que vous skipez les dialogues et ignorez l'histoire, c'est comme juger un livre en lisant que les titres.
Si vous jouez aux jeux comme du fast-food sans savourer le contenu, votre avis sur leur qualitÃ© est aussi creux que votre faÃ§on dâ€™y jouer. https://t.co/kuNa6Vzgde",Sat Feb 22 15:32:37 +0000 2025,0,3
16,750g,"â€œÃ‡a nâ€™a aucun intÃ©rÃªt, aucun sensâ€ : le Dr Jimmy Mohamed se confie sur ce quâ€™il prend rÃ©ellement au fast-food https://t.co/TtBeU64dlt",Tue Feb 11 15:06:43 +0000 2025,0,0
17,Vogue France,"Du fast-food aux podiums, il n'y a parfois qu'un pas. https://t.co/PRhsHWGDUR",Mon Feb 10 12:04:01 +0000 2025,0,5
18,Actu Toulouse,"PrÃ¨s de Toulouse. Au fast-food, l'embrouille entre clients dÃ©gÃ©nÃ¨re dangereusement https://t.co/IBf69iGAB8",Mon Feb 10 11:31:32 +0000 2025,3,3
19,Le Point,"ğŸ™ï¸ Â« Cette histoire de pailles en plastique raconte l'un des ressorts politiques du trumpisme : l'attention portÃ©e Ã  l'AmÃ©rique des fast-food Â»

Retrouvez ğ—Ÿ'ğ—˜ğ——ğ—œğ—§ğ—¢ de @gernelle, directeur @lepoint sur #RTLMatin",Mon Feb 10 06:37:12 +0000 2025,2,6
20,Nantes hypeâ„¢ â˜†,ğŸ‘€ğŸš§ #Chantier en cours pour succÃ©der Ã  un #restaurant fast food de poulet halal ğŸ“Rue Thurot Ã  #Nantes. https://t.co/0Mk4SmichT,Sun Feb 09 16:44:04 +0000 2025,0,0
21,Amine Bennis,Quand tu as longtemps hÃ©sitÃ© Ã  faire un fast food. https://t.co/CtY26RojeX,Fri Feb 14 11:31:45 +0000 2025,0,1
22,Brazzy_Officiel,"Rappelez vous de ce leaks dâ€™un fast food GTA6 , il sâ€™agit en rÃ©alitÃ© dâ€™un ancien fast food waffle shop, plus rÃ©cemment il a reconverti en pizzeria ! https://t.co/4zXX5y39j2",Sun Feb 09 03:20:08 +0000 2025,0,6
23,Singe originel,"Je suis vraiment le seul qui galÃ¨re avec les ouvertures faciles des sauces au fast-food ? Ptn ces ouvertures ""faciles"" c'est comme quand ton pÃ¨re te dit ""je vais chercher du lait je reviens"" Ã  chaque fois t'es dÃ©Ã§u",Wed Feb 12 01:08:30 +0000 2025,2,37
24,AlexğŸ”°â˜®ï¸,Les fast food en Chine c'est une DINGUERIE on a payÃ© 4â‚¬ (QUATRE EUROS) chacun pour Ã§a https://t.co/egdzYzuvLk,Thu Feb 06 14:16:10 +0000 2025,0,20
25,ğŸµ MBAKU ğŸµ Le RAÃKAGE,"RÃ¨gle numÃ©ro 1, toujours faire le premier date dans un endroit normal, petit fast food cozy, ou petite activitÃ©, le but IS NOT TO IMPRESS.",Wed Feb 19 13:32:04 +0000 2025,1,3
26,Le Maine Libre,Â« Je travaille depuis que jâ€™ai 13 ans Â» : ce passionnÃ© de football ouvre un nouveau fast-food | Le Maine Libre https://t.co/gDny5zYRTb,Mon Feb 10 07:32:44 +0000 2025,0,2
27,ğ‘³â€™ğ‘©ğ’ğ’ğ’—ğ’Šğ’†ğ’– ğŸ‡¹ğŸ‡³,Tjr bon de rappeler que Quick est le meilleur fast-food,Wed Feb 19 14:08:49 +0000 2025,0,4
28,Ryo ğŸ‡ºğŸ‡¦ ğŸ‘Š ğŸ‡ªğŸ‡º,"La rue ğŸ‡ºğŸ‡¸ commence Ã  sortir de sa torpeur ! Ils dÃ©couvrent que voter pour #Trump câ€™est comme manger du fast-food pÃ©rimÃ©. Ã‡a semblait Ãªtre une bonne idÃ©e sur le moment, mais maintenant ils vomissent en chÅ“ur #FThePresident #MAGARegrets https://t.co/zCkXcKx4bV",Tue Feb 18 01:13:19 +0000 2025,0,6
29,Marina Mesure,"Bonheur de retrouver Kamel Ã  Lâ€™aprÃ¨s M, fast food engagÃ© dans les quartiers Nord de #Marseille ! 
 
Ce lieu de lutte et de solidaritÃ© est bien plus quâ€™un simple fast food : pÃ´le dâ€™aide alimentaire, Ã©vÃ©nements culturels, permanence dâ€™aide juridique et lieu de vie prÃ©cieux pour les https://t.co/H8kbV2xwmZ",Sat Feb 15 08:00:53 +0000 2025,67,177
30,Valerie Niquet,Ã‡A câ€™est Paris ğŸ¤® Place St Augustin #Berteil remplacÃ© par un fast foodâ€¦. https://t.co/dNWUxhoURz,Mon Feb 17 10:54:51 +0000 2025,0,0
31,Home Cooking VS Fast Food,"[homemade] Conch Ceviche
ğŸ‘‰ https://t.co/J4kfnLdrNE
#ConchCeviche #HomemadeDeliciousness #SeafoodLovers #TropicalFlavors #CevicheRecipe #homecooking #food #recipes #foodpic #foodie #foodlover #cooking #hungry #goodfood #homecookingvsfastfood https://t.co/sgvHmlyRQd",Thu Feb 20 14:05:22 +0000 2025,3,4
32,TÃ©lÃ©gramme St-Brieuc,"Un fast-food NBK Naanerie ouvre ses portes Ã  Saint-Brieuc ce samedi 15 fÃ©vrier
â¡ï¸ https://t.co/pE7eWcd4Pb https://t.co/Hquyhhcbf8",Fri Feb 14 17:00:30 +0000 2025,0,0
33,LCI,"Selon une Ã©tude, les embouteillages augmenteraient vos envies de fast-food https://t.co/9JNfUyMDIy",Tue Feb 18 07:06:33 +0000 2025,1,16
34,Nabil,"Quel indÃ©cence, vous frÃ©quentez bien des fast-food comme McDo, KFC ou vous mangez bien de la nourriture issue dâ€™une autre culture mais vous vous insurgez dâ€™un commerce de FranÃ§ais qui vend des produits issus dâ€™un autre pays. Vous Ãªtes contre la mondialisation ? @DamienRieu",Mon Feb 17 17:20:25 +0000 2025,0,3
35,Flo ğŸ§™â€â™‚ï¸,"Pourquoi ton mÃ©tabolisme est lent ( et pourquoi lâ€™accÃ©lÃ©rer )

Beaucoup d'hommes sont fatiguÃ©s toute la journÃ©e, mÃªme avec 8h de sommeil

Le problÃ¨me ? Leur mÃ©tabolisme tourne au ralenti

Pourquoi ?
ğŸ‘‰ Mange rÃ©guliÃ¨rement au fast-food / produits transformÃ©s
ğŸ‘‰ Consomme des huiles",Tue Feb 11 16:00:01 +0000 2025,2,11
36,LMB31,mon argent il part que dans des fast food câ€™est trop grave,Wed Feb 12 02:09:55 +0000 2025,2,2
37,n,les gens qui mangent des fast food dans les trains je vais Ã©crire un livre,Fri Feb 14 18:07:15 +0000 2025,0,2
38,Nantes hypeâ„¢ â˜†,"Maeva et Jamal porteurs du projet annulÃ© de fast-food Devor et dÃ©gage (crÃ©ateurs de Mangez et barrez-vous Ã  Toulouse, qui ne souhaitent pas que leur nom de famille apparaisse) confirment Ã  @OuestFrance un projet de prÃªt Ã  porter Place du commerce Ã  #Nantes https://t.co/KfEvO9WxDv https://t.co/yuWxZxDEpA",Tue Feb 18 23:25:49 +0000 2025,0,1
39,TYNA NONYME,"@CerfiaFR Une NiÃ§oise test son Projet  Fast Food Canin sur la Croisette 
Menu unique : Lapin",Thu Feb 20 06:11:34 +0000 2025,1,18
40,Kateri Seraphina,"Plage  en 1970 : pas de fast-food, pas de tÃ©lÃ©phones, pas de transats ni de  crÃ¨mes solaires. On parlait, on profitait. Peu de choses, mais tout  Ã©tait lÃ  . https://t.co/qllzctLTFR",Tue Feb 18 10:16:54 +0000 2025,4,38
41,SalomonğŸ‡©ğŸ‡¿ğŸ‡µğŸ‡¸ğŸ´â€â˜ ï¸,Le fast food le plus connu dâ€™idf est Ã  moins de 10 minutes de chez moi https://t.co/I2Tc0VoboU,Sun Feb 16 16:34:48 +0000 2025,0,4
42,ğğ,Je rentre dans un fast food je vois yâ€™a que des raclis elles savent plus faire Ã  manger ou quoi mdrrr câ€™est quoi ces conneries,Sun Feb 09 19:08:39 +0000 2025,31,143
43,Fanmâ€™Fo ğŸ‡¸ğŸ‡³,"Chicken Street, Point B, G la dalle câ€™est vraiment les pires fast-food dans mon livre",Mon Feb 10 14:19:11 +0000 2025,2,4
44,âµ£ Ø¹Ù…Ø§Ø±,Leur gÃ©nÃ©ration ils toujours travaillÃ© la terre. Ils ont jamais mangÃ© de fast-food.,Wed Feb 12 09:16:20 +0000 2025,0,7
45,bi gorneau âœ¨,"Parfois j'ai l'impression d'avoir une faim de bite comme on aurait une faim d'un fast food. 
Comme si Ã§a allait me rassasier d'en avoir une grosse en bouche.
Je suis vraiment une tchoin",Thu Feb 13 12:16:04 +0000 2025,6,184
46,ğŸŒ¾,Quand est-ce quâ€™on va lÃ¢cher cette tendance Ã  la polÃ©mique fast food sur fond dâ€™injonctions morales personnelles pour un minimum intellectualiser le dÃ©bat et le faire reposer sur des bases plus solides que vos rÃ©actions Ã©motionnelles et votre besoin de validation ?,Thu Feb 13 00:56:03 +0000 2025,24,104
47,-,"purÃ©e je sais pas quoi manger, vous me conseillez quoi en terme de fast food ?",Tue Feb 11 17:13:05 +0000 2025,0,4
48,Sasquatch,@Reinfocovid D'ici une heure je suis au fast food. Et ce soir Ã§a sera encore des friandises et energy drink Ã  la weed. J'vais redevenir une bestiole des bois. Quoi qu'il en coÃ»te comme dirait l'autre tard-loose de l'ElysÃ©e. https://t.co/U6WE1Hoktj,Sat Feb 15 17:03:13 +0000 2025,0,2
49,jagwar,@CoolTheCucumber Le mieux c'est d'encourager la crÃ©ation de fast food 100% marocain,Sat Feb 22 14:51:26 +0000 2025,0,6
50,Alex Perron,J'ai quand mÃªme fait ma part pour le Superbowl sans le regarder... J'ai mangÃ© du fast-food en masse !,Mon Feb 10 10:33:55 +0000 2025,3,100
51,Reef Windsurfing,@knky987 une fois n'est pas coutume je suis d'accord avec toi. Il faudrait bannir les fast-food de CalÃ©donie,Thu Feb 20 05:07:23 +0000 2025,0,4
52,ğ’‰­,@Kr0nnossss Tu manges des coquillettes au caca frero je prÃ©fÃ¨re les Fast food,Wed Feb 19 10:19:28 +0000 2025,0,11
53,Remysterio,"Le fast-food Popeyes comment c'est grave surcotÃ©, je suis pas prÃªt d'y retourner",Thu Feb 13 12:32:53 +0000 2025,0,3
54,ğŸ‡²ğŸ‡¦â€™,purÃ©e comme de par hasard Ã§a arrive dans ma TL je donne vrmt tout pour ce fast food #gourmandeaumax,Fri Feb 07 17:28:15 +0000 2025,0,7
55,Tnx.,"@mds7519 Senadinho c'est vraiment le prototype des jeunes de maintenant, comment on peut penser qu'acheter un tacos au fast food du coin est plus rentable que de le faire soi-mÃªme ğŸ˜®â€ğŸ’¨ğŸ˜®â€ğŸ’¨",Sun Feb 16 19:30:08 +0000 2025,0,2
56,MSN France,"6 mannequins qui ont Ã©tÃ© repÃ©rÃ©es dans des fast-food, de Gisele BÃ¼ndchen Ã  Lily Cole
https://t.co/4XLQtFOEmW",Mon Feb 10 14:02:32 +0000 2025,0,0
57,pass or shams,câ€™est le fast food avec le plus de baraka que jâ€™ai vu de ma vie mdrrrr câ€™est incroyable Allah y berek je suis trop content pr lui comme si je le connaissais,Wed Feb 12 18:43:06 +0000 2025,0,18
58,Daughter of Cain,"@Zanthar_the_ONE @HarmlessYardDog donc Ã§a vient dâ€™oÃ¹ le mot cuisine ? 

Ne confondez pas fast-food et haute cuisine, lâ€™un est dans tes moyens et tes goÃ»ts lâ€™autre non.",Sat Feb 22 17:53:08 +0000 2025,0,90
59,Missmelibaby ğŸ,"Franchement les gens qui tapent des Fast food ou de la junk food everyday, je ne sais pas comment vous allez Ãªtre Ã  50 piges. Lâ€™Ã©tat de vos artÃ¨resâ€¦ Ã§a va Ãªtre un carnage vous vous rendez pas compte",Thu Feb 13 16:08:30 +0000 2025,0,3
60,ici DrÃ´me ArdÃ¨che,"#Romans-sur-IsÃ¨re : le #McDonalds quartier de la Monnaie caillassÃ©, le #fastfood doit fermer pour la soirÃ©e #Police #Drome
â¡ï¸ https://t.co/D4TVhdiuEQ https://t.co/fRP9SjOAAK",Sat Feb 15 08:53:00 +0000 2025,0,1
61,YassssğŸ‡¨ğŸ‡³,"@legoatchauve4 ""Est-ce que vous aussi avant de vous installer quelques part / emmÃ©nager etcâ€¦ vous vous informez sur les fast-food quâ€™il yâ€™a autour  ? Ou câ€™est que moi"" https://t.co/BxZS08pLPS",Thu Feb 20 17:31:50 +0000 2025,0,3
62,3ammo Gordon,"Le jour oÃ¹ vous allez apprendre Ã  faire Ã  manger chez vous, vous allez dÃ©couvrir un nouveau monde mdrr tu peux tout faire c tellement mieux que les resto ou fast food",Fri Feb 14 13:49:04 +0000 2025,1,6
63,Bajio ğŸ‡®ğŸ‡¹ğŸ‡­ğŸ‡¹,Je mange plus de fast food jusquâ€™Ã  la fin du ramadan,Fri Feb 14 10:29:45 +0000 2025,0,10
64,Nice-Matin,"Lâ€™enseigne francilienne de burgers Alfred Burger vient dâ€™ouvrir un restaurant Ã  Nice. Le premier dans le Sud et dâ€™une longue sÃ©rie, espÃ¨re son franchisÃ©.
ğŸ‘‰ https://t.co/dqpESK4TsV https://t.co/Y5YmVJcniW",Wed Feb 19 11:23:21 +0000 2025,0,2
65,saheliiğŸŒ·,Les fast-food qui font des frites maison nan merci pour tout https://t.co/GxLbO7MQDf,Sat Feb 22 18:40:15 +0000 2025,1,110
66,David,Merci @kfburger59 de rÃ©guler le marchÃ© des fast food,Sat Feb 22 15:05:31 +0000 2025,0,4
67,I ğŸ‡µğŸ‡¸,@LYESseylll Mais bande dâ€™enculÃ©s tout les jours vous sucez le fast food on a le droit de de poser le question,Sun Feb 16 07:48:49 +0000 2025,0,32
68,Frederic Filloux,"Une cuillerÃ©e Ã  cafÃ© de micro-plastiques prÃ©sente dans des cerveaux humains, selon Nature. 
Cette dÃ©cision est un bras dâ€™honneur. Est-ce que les industriels de la fast-food vont suivre?",Wed Feb 12 08:02:22 +0000 2025,0,3
69,yasin ğŸ‡¹ğŸ‡·ğŸ‡²ğŸ‡±,le beautÃ© privilÃ¨ge des fast food jâ€™en parlerais dans ma confÃ©rence Ã  chatelet https://t.co/sp7END6Jsx,Wed Feb 19 19:42:58 +0000 2025,1,30
70,ğ‘²ğ’“ğ’†ğ’•ğ’™ğ’†ğ’– ğŸ‡¨ğŸ‡»ğŸ‡¸ğŸ‡³,"Jâ€™ai trouvÃ© une dame qui vend du thieb Ã  900 prÃ¨s du taff demain je vais essayer Ã§a, marre du fast food",Mon Feb 10 17:04:02 +0000 2025,0,4
71,DeidaArt,"@LaSueur_off CÃ©dric Doumbia devrait se reconvertir en tant qu'influenceur fast food je pense, au moins il pourra Ãªtre le visage franÃ§ais de la prÃ©vention des risques liÃ©s Ã  l'obÃ©sitÃ© et la malbouffe",Fri Feb 14 16:43:24 +0000 2025,1,9
72,Augaroma,"Il pleut, tu t'ennuies ?ğŸŒ§ï¸

L'adresse : @ADNanime
Au menu : #bestiale d'@AnkamaAnim 

Une qualitÃ© digne des grands chefs, c'est un RÃ‰GALE pour les yeux et les oreilles, on ne reste pas sur notre faim ! (Et Ã§a pour moins cher qu'un menu fast-foodğŸ˜‰)

Alors, bon visionnage !ğŸ˜˜ https://t.co/kMgudmhBPx",Sat Feb 22 16:09:40 +0000 2025,3,33
73,ğ““ğ“®ğ“·ğ”ƒ ğ“›ğ“¸ğ“¿ğ“® ğŸ¥€,"Les insultes, le sucre et les fast food ğŸ¥´ je dois y arriver ğŸ˜£",Tue Feb 11 15:11:27 +0000 2025,1,3
74,Pascal B.,"@ErsiliaSoudais Venez comme vous Ãªtes, LFI câ€™est le Fast food de la politique https://t.co/R20e8ww7IA",Sat Feb 22 12:52:33 +0000 2025,3,23
75,altf4,jâ€™ai envie de frite molle dâ€™un fast food avec de la sauce algÃ©rienne hmmmmm ğŸ˜‹,Wed Feb 19 11:56:10 +0000 2025,0,4
76,A.Charbonnier ğŸ‡ªğŸ‡º,"Lâ€™argument perchÃ© du lavage des mainsâ€¦
Je nâ€™ai jamais vu les gens au fast food aller se laver les mains avant de manger. Et pourtant ils mangent avec les mains . 
Les gens sont souvent crades, avec ou sans fourchette #hygiene",Fri Feb 07 15:58:04 +0000 2025,0,2
77,Diogene Ethique,"@Matricule17Ter Si vous viviez Ã  New York avec 100 000 â‚¬ annuels vous vivriez Ã  une heure de New York par le train, vous seriez locataire Ã  vie dans un F1 miteux,  et vous mangeriez un hamburger frites coca dans un fast food pour 15 euros le midi. Bref votre situation serait bien pire qu'ici",Wed Feb 19 19:52:03 +0000 2025,0,17
78,L'inconnu,"Branlette + GÃ¢teau + Ricatd + fast-food + boÃ®te de nuit + emmerder les gens + sortir Ã  poil + Ãªtre Ã  la rue + puer la clope + donner son avis sur Twitter 

= la recette du bonheur de la vie",Sun Feb 16 11:35:18 +0000 2025,0,8
79,Le Parisien | 95,"Le conducteur qui avait foncÃ© sur des policiers, Ã  Sannois, trahiâ€¦ par un ticket de fast-food et condamnÃ©
â¡ï¸ https://t.co/9miZOldOa4 https://t.co/2hgOXkBV0N",Tue Feb 11 07:39:01 +0000 2025,0,0
80,kim,Subway câ€™est tellement le meilleur fast food limite mon prÃ©fÃ©rÃ©,Wed Feb 12 08:42:07 +0000 2025,0,4
81,sachin fast food,Nice dans p https://t.co/iSOJF4gpx3,Mon Feb 10 18:02:28 +0000 2025,0,1
82,Thierry B,"Vue lâ€™AmÃ©rique de trompe 
Allez vous continuer dâ€™aller 
Dans les fast-food ğŸ¤”",Sun Feb 23 07:16:25 +0000 2025,0,0
83,Anh Khoi Do,"Plus il y a des embouteillages, plus les automobilistes ont tendance Ã  consommer de la fast food soit sur place dans les restaurants ou par l'entremise du service au volant. https://t.co/aKXNZ7BsQh https://t.co/k9cLwMUObD",Tue Feb 18 13:00:41 +0000 2025,0,1
84,Justine ğŸ«§,Mais Sophie et Guillaume n'ont pas travaillÃ© ensemble dans un fast-food ? #LMDLA,Sun Feb 09 19:48:40 +0000 2025,1,9
85,.,"Je suis bipolaire je crois 

Un jour jâ€™Ã©prouve une haine des fast food 
Le lendemain je rÃªve de pouvoir remanger un grec",Sat Feb 08 23:48:00 +0000 2025,0,0
86,ğŸ‡«ğŸ‡· Ctrl-Alt-Droite âœï¸ ğŸ¦º ğŸšœ,"Une Ã©niÃ¨me chaÃ®ne de fast-food servant de la merde hors de prix bourrÃ©e de graisse, de sucre et d'additifs chimiques. Ressortez vos casseroles et rÃ©apprenez Ã  cuisiner, c'est meilleur pour la santÃ© et 2 fois moins cher. #PepeChicken.",Sat Feb 08 22:56:40 +0000 2025,0,1
87,Dory Chass'ArtğŸ¦ŒğŸŸğŸ–Œï¸,"Les enfants rÃªvaient de manger dans un fast food Ã  midi... Devinez sur qui la serveuse Ã  malencontreusement renversÃ© les boissons en posant le plateau? Sur moiiii! ğŸ˜‚ La serveuse Ã©tait en panique jusqu'Ã  ce que @Gnaniou lui suggÃ¨re d'aller chercher une serpilliÃ¨re. 
#3615MyLife",Sat Feb 08 19:52:09 +0000 2025,0,22
88,Ana chikoura,Plus je grandis plus jâ€™ai du mal avec les fast food ..,Sat Feb 22 23:24:04 +0000 2025,1,2
89,Joli Gambergeur,j'ai jamais ete dans les trucs chicken spot chicken street etc mais Ã§a me choque vraiment comment ces fast food fleurissent de plus en plus partout,Fri Feb 14 14:13:15 +0000 2025,0,1
90,M K Z ğŸ¥·ğŸ¼,Yâ€™a des meufs elles sont rempli de critÃ¨res mais est elle mÃªme est ce quâ€™elles rempli ces critÃ¨res mdr câ€™est Ã§a la vrai question . Tâ€™es la tâ€™es au chÃ´mage tu fais rien de ta vie tu demandes un mec qui gagne 10k tu cuisines jamais tu passes ta vies au fast food tu veux un mec qui,Sun Feb 09 17:56:13 +0000 2025,1,7
91,ğ’ğ¢ğ¦ğ›ğšğšâ˜†ğŸ‡µğŸ‡¸ (ğŸğ®ğœğ¤ğ¢ğ§ğ  ğ¥ğ¨ğ¬ğğ«),jâ€™ai plus Ã©tÃ© touchÃ© quand kekra il a dit fast food asap burger,Thu Feb 13 04:41:37 +0000 2025,0,14
92,fun Night,"@Europe1 @JphTanguy LOL 
Quand on voit que la gastronomie franÃ§aise est mourante, la majoritÃ© de la proposition est dÃ©sormais composÃ©e de fast-food, souvent de trÃ¨s mauvaise qualitÃ©, on n'a pas de quoi se vanter. L'obÃ©sitÃ© a de beaux jours devant soi en France",Mon Feb 17 10:39:23 +0000 2025,2,8
93,DÃ®athouby,@Lazy_lazo_ @Gladyss_252 faut vraiment etre citadin pour croire que ya des fast food hors chaines partout heh,Wed Feb 19 19:00:49 +0000 2025,0,246
94,Cloud â€œI donâ€™t danceâ€ Strife,Les Chinois et Japonais dans la rizfitna pdt que les maghrÃ©bins surtout KFB rÃ©volutionne le monde du fast food mdrrrr.,Fri Feb 21 02:26:21 +0000 2025,1,6
95,Deathmask,"@UnRebeu213 @yugobe_hugo gros Ã  part Ãªtre blindÃ© de gens irrespectueux qui parlent fort, ya rien de bien dans ce fast food de merde",Sun Feb 16 07:01:13 +0000 2025,0,4
96,Lo // Aku,@hypatiie Bah oui parce qu'Ã  7 ans tu Ã©tais renseigner sur les problÃ¨mes des fast food et des grosses firmes scuse marx,Fri Feb 21 22:01:35 +0000 2025,0,5
97,Actu Perpignan,"ğŸ˜¡ Les employÃ©s de ce fast-food de Perpignan n'ont plus de salaire : ""Notre patronne n'a pas eu d'humanitÃ©"" https://t.co/YENe9MId23",Wed Feb 12 17:35:50 +0000 2025,0,1
98,AmarVolte TV,Amar et Joel quand il sâ€™agit de manger des fast-food https://t.co/KZUaupsSLm,Sat Feb 22 13:15:16 +0000 2025,5,17
99,Max,"@le_jarl Aujourd'hui mÃªme dans les petits villages il y a du trafic de drogue, ils blanchissent l' argent dans des petits commerces de barber shop, fast food etc... sans Ãªtre inquiÃ©tÃ© et autorisÃ© par les mairies complices un vÃ©ritable scandale.",Sun Feb 16 13:01:23 +0000 2025,0,6
100,Ù…Ø³Ø¹ÙˆØ¯,"Je ne donne pas de pourboire si je reÃ§ois aucun service, aka fast food/take-out â˜ ï¸ and coffee shops, when their first option is 25%",Wed Feb 19 00:08:15 +0000 2025,0,3
101,i paint the town blue â™¡,je prend tt le temps de lâ€™eau mtn dans mes commandes fast food #healthygirl,Sat Feb 22 11:17:46 +0000 2025,0,2
102,ğŠğ¡ğğ²ğ‘ğŸ’ğ€ğŸ•·ï¸0ï¸âƒ£,@CyberH42 @MMArena_ Choix perso du fast food,Wed Feb 19 12:43:45 +0000 2025,0,197
103,altf4,comment jâ€™ai trop envie dâ€™un fast food ca f longtemps en vrai ce soir cv se pt le bide les filles,Wed Feb 19 12:43:37 +0000 2025,0,4
104,en ğŸ«€et en esprit,@Kr0nnossss Le poto nous dit de lÃ¢cher les fast food pour nous envoyer manger Ã  la cantine #onestchezlesfous,Wed Feb 19 10:46:52 +0000 2025,0,2
105,PE Goetz,Mac Donald pressÃ© comme au fast-food ğŸ˜³,Sat Feb 22 17:49:30 +0000 2025,0,3
106,FrÃ©dÃ©ric Happe,"Lorsque tu utilises la casserole pour cuisiner des plats surgelÃ©s et vendre Ã§a au prix d'un resto gastronomique, faut pas s'Ã©tonner que les gens aillent bouffer au fast food et au kebab, mec",Thu Feb 13 10:31:39 +0000 2025,1,11
107,Diony ğŸ¤´ğŸ»,@alizeeestla Mon genre de fast food vau,Mon Feb 17 23:56:43 +0000 2025,0,2
108,Charles Antoine,"@BrunoTertrais Ah oui, quand on va servir les gens dans un fast food, c'est la preuve irrÃ©futable qu'on aime le peuple. Il n'a que deux dons: la communication et l'art de se faire des ennemis.",Sun Feb 16 16:26:38 +0000 2025,0,12
109,Yugobe Hugo ğŸ‡¨ğŸ‡µ,@UnRebeu213 Faire plus de 1km pour aller dans un fast food lambda = maladie mentale,Sat Feb 15 14:50:56 +0000 2025,5,542
110,JustineğŸ‡©ğŸ‡¿,"Le culotğŸ™ƒ

Ca fait 100 ans que les Us nous imposent leur modÃ¨le. Coca Cola, Fast food, cinema, Pere Noel, etc. jusque dans la sociÃ©tÃ© inclusive et le wokisme actuel.ğŸ˜¡

Aujourd'hui, Trump veut se dÃ©sengager. Et tout le monde crie, c'est ahurissantğŸ¤”",Sat Feb 15 19:41:59 +0000 2025,1,2
111,laragedlastreet ğŸ©,Les gadji de la hmi house sans les rÃ©seaux elle serait tellement en train de faire des lemon splash dans un fast food indien #hmihouse,Mon Feb 17 14:50:15 +0000 2025,0,6
112,Trace78000,"@CoolTheCucumber Le Maroc avance, 
On peut critiquer car câ€™est un fast-food, mais Ã§a crÃ©e de lâ€™emploi donc arrÃªtez de chialer Ã  chaque fois.",Sat Feb 22 21:26:07 +0000 2025,0,6
113,Entier Spectre,"@L_ThinkTank Tu fais la mÃªme chose : taxer cher les Coca-Cola, les Whiskys, les cigarettes, les fast food, les films et sÃ©ries et autres propagandes amÃ©ricaines. Et tu peux faire Ã§a au nom de notre santÃ© physique et mentale. Et est-ce que les GAFAM paient des impÃ´ts en France ?",Sat Feb 22 12:27:32 +0000 2025,0,16
114,Anselme,"@Romain_bkr Interview FrontiÃ¨res : 
Â«Â le RÃ¶sti est une chance pour la FranceÂ Â»
Rencontre avec Flunch, cette enseigne de Fast Food qui veut faire aimer le mÃ©tissage culinaire aux franÃ§ais",Wed Feb 19 08:43:59 +0000 2025,0,11
115,Causeur.fr,"""AprÃ¨s des dÃ©cennies dâ€™un rÃ¨gne triomphant, le fast-food et sa mal bouffe nâ€™ont plus le vent en poupe. Le burger se francise et les bouillons populos sont devenus branchÃ©s. Assiste-t-on au retour de la cuisine tradi ?"" @causeur 

https://t.co/l9mDn1uvbR",Fri Feb 14 17:01:00 +0000 2025,0,4
116,~PauL_Corvo_Flower~,https://t.co/h7w534jhRX Marie va travailler dans un fast food bien connus bah ouais Fast food simulator,Wed Feb 19 20:08:57 +0000 2025,0,2
117,TDS Slipix ğŸŒŠ,"Bonne saint Valentin Ã  tous! Vu quâ€™on habite dans un endroit paumÃ© sans fast food ma femme veut un mcdo mdr. Et bah je suis tellement heureux trop la flemme les restaurants blindÃ©s la, la simplicitÃ© parfois Ã§a fait du bien ğŸ«¡",Fri Feb 14 12:13:54 +0000 2025,8,799
118,ğŸº,Ã§a nâ€™as jamais et ne sera JAMAIS bon dsl câ€™est le pire des fast food,Mon Feb 17 02:13:18 +0000 2025,1,3
119,Rocco,"@KNOXDOL Franchement tâ€™es trop chaud pour arrÃªtez les fast food et le sucre, moi jâ€™ai perdu 20kg tout en continuant de manger de la merde juste je mange un repas par jour et je fais du vÃ©lo. Je peux pas me restreindre sur Ã§a câ€™est trop dur.",Sat Feb 22 11:42:36 +0000 2025,0,8
